0,1,53,1986-08-01,49744050
1,2,49,1990-12-01,88528785
2,2,25,2016-02-23,63334672
3,2,53,1981-12-01,19815276
4,2,38,2003-08-01,44407636
5,2,53,1984-11-01,64704182
6,2,35,2005-07-01,54355280
7,2,33,2010-05-10,13017357
8,2,28,2014-01-13,34211586
9,2,37,2003-10-01,59661975
10,2,51,1994-12-01,57216986
11,1,29,2014-01-01,89927286
12,1,31,2005-12-01,38746227
13,2,28,2010-10-01,55978591
14,1,31,2011-02-28,65485832
15,2,27,2015-05-28,10794983
16,1,40,2005-01-01,51048735
17,1,36,2006-11-11,22276714
18,1,36,2007-09-13,33928504
19,2,31,2013-06-17,40964258
20,2,41,1996-06-01,20899424
21,2,30,2011-09-01,64407038
22,2,47,1989-12-01,72537277
23,2,32,2015-07-17,43034808
24,1,29,2011-02-01,16696864
25,2,25,2014-11-17,13752992
26,1,29,2013-07-17,14570635
27,2,27,2011-02-06,41132845
28,2,30,2012-11-12,17452597
29,2,26,2016-07-01,10188859
30,1,39,2001-09-07,37151833
31,1,28,2014-01-15,38328561
32,2,28,2014-01-15,49186469
33,1,28,2014-01-15,76040080
34,1,39,2005-07-01,76834426
35,2,29,2010-09-01,68483312
36,1,28,2013-10-29,86200542
37,2,46,1989-12-01,59682367
38,1,34,2008-10-01,12110774
39,1,29,2011-04-15,86051265
40,2,34,2002-07-01,84562446
41,1,27,2014-02-20,38617373
42,1,31,2011-08-01,29834261
43,1,27,2008-12-01,52460759
44,2,41,1994-09-01,45846887
45,1,26,2015-06-30,53790033
46,1,41,1994-05-01,35250845
47,1,39,2001-07-01,44325700
48,1,35,2007-09-01,13357446
49,2,35,2007-11-01,35185233
50,2,28,2015-02-28,92151243
51,1,36,2008-07-01,59369429
52,1,34,2006-08-01,25104362
53,1,28,2015-04-13,24819424
54,1,30,2013-07-22,17706891
55,1,49,1984-11-01,39261677
56,1,26,2015-04-13,10319248
57,1,36,2006-07-01,90204559
58,1,53,1980-11-01,30292777
59,2,47,1992-09-01,59247133
60,1,29,2012-07-01,98682470
61,1,36,1999-12-01,62273206
62,1,28,2012-03-13,83416689
63,2,30,2013-06-01,80490511
64,1,36,2003-11-01,91889532
65,1,31,2011-04-14,45938045
66,1,32,2010-03-01,83644969
67,2,48,1992-07-01,54155318
68,1,35,2011-05-01,13450832
69,1,29,2012-08-01,32514493
70,2,53,1981-10-01,67946216
71,1,37,2005-07-14,57099780
72,1,36,2013-05-01,43054464
73,1,29,2013-06-08,62145194
74,2,55,1977-07-01,76837605
75,2,69,1968-01-01,70235613
76,2,58,1979-08-01,35763799
77,2,55,1978-08-01,36319413
78,2,55,1975-12-01,44195264
79,2,55,1980-01-04,10845890
80,2,63,1983-06-01,28181621
81,2,70,1975-03-01,89479420
82,2,63,1970-10-01,54810946
83,2,54,1980-11-01,28617639
84,2,64,1970-08-01,51595113
85,2,58,1975-07-01,27418995
86,2,60,1975-06-01,39592356
87,1,64,1971-03-01,52470612
88,2,56,1982-04-01,13570316
89,2,46,1989-08-01,89580795
90,2,53,1983-11-01,66683283
91,2,51,1984-07-01,81603777
92,2,50,1985-12-01,36806573
93,2,27,2013-07-17,39670310
94,2,31,2011-06-28,29561254
95,2,47,1994-12-01,97722080
96,2,31,2011-09-26,71282936
97,1,39,2000-06-30,68280647
98,1,31,2011-04-01,85077311
99,1,29,2012-11-12,91743120
100,1,43,1999-11-01,72353697
101,2,35,2005-11-01,10095831
102,1,30,2012-07-01,71480466
103,1,41,1994-09-01,67613865
104,2,28,2014-01-15,31259392
105,1,42,1994-08-01,20030146
106,2,26,2014-12-01,31345611
107,1,30,2015-04-22,23669977
108,2,26,2015-06-24,68652028
109,2,26,2015-06-03,10946351
110,2,24,2016-07-01,51218460
111,2,29,2013-10-12,21205656
112,1,39,2005-06-01,16096090
113,1,44,1995-07-01,73664695
114,1,31,2011-08-01,85844918
115,2,31,2012-11-19,80950101
116,2,35,2010-11-22,15144735
117,2,40,1999-10-01,62275722
118,2,29,2011-01-01,48200453
119,2,53,1986-07-01,69292003
120,1,35,2006-07-01,10953674
121,1,47,1989-05-01,85966901
122,1,47,1997-06-01,26973721
123,2,26,2014-03-01,75123185
124,2,32,2013-07-01,32209410
125,1,30,2010-07-01,76031366
126,1,33,2006-02-26,92713018
127,1,29,2011-07-21,82618954
128,2,25,2014-12-08,70510259
129,2,29,2012-08-15,23609915
130,2,36,2012-08-15,75991218
131,2,28,2014-12-08,64108005
132,2,30,2012-08-27,14885727
133,2,27,2014-01-13,95243709
134,1,28,2014-12-08,77996562
135,1,26,2014-01-13,72212319
136,1,27,2014-12-08,39444370
137,1,28,2012-08-07,66762560
138,1,28,2014-09-01,72127405
139,2,29,2010-11-22,40512581
140,2,27,2016-05-27,45977241
141,2,27,2013-05-06,80307457
142,1,32,2009-07-01,32761983
143,1,24,2016-07-26,60452683
144,2,31,2009-09-01,71995236
145,1,24,2015-07-08,30134898
146,2,32,2009-10-01,75785087
147,2,35,2001-12-01,21514254
148,1,42,1994-09-01,31269119
149,1,46,1993-04-01,48617119
150,1,24,2015-03-09,44506996
151,1,32,2010-01-24,24319272
152,2,27,2012-11-12,79899204
153,2,29,2011-07-01,89677967
154,1,34,2014-01-15,55371226
155,2,26,2014-12-08,73755294
156,1,32,2003-12-01,56744062
157,1,27,2015-06-24,34148038
158,1,27,2011-04-01,42279606
159,2,28,2014-07-24,38144532
160,2,25,2016-07-01,74422159
161,2,27,2013-03-01,44794213
162,2,25,2015-06-30,86259595
163,1,36,2001-01-01,17984967
164,2,32,2008-08-01,83381617
165,1,40,2001-07-16,55879092
166,1,36,2004-07-01,50228322
167,2,45,1989-11-01,97699055
168,1,30,2012-07-01,36012313
169,1,39,2001-02-01,54519605
170,2,25,2015-04-23,27316549
171,1,29,2011-10-01,95649090
172,1,52,1985-07-01,15186436
173,1,27,2014-06-01,52752149
174,1,32,2006-08-01,15880181
175,1,33,2009-07-01,98344098
176,1,41,2003-05-01,51283596
177,2,42,2000-09-01,22083942
178,2,30,2014-08-11,31359121
179,1,27,2012-10-01,33208113
180,1,36,2008-10-28,26341097
181,1,34,2007-07-01,77567956
182,1,29,2013-04-01,18464543
183,1,45,1992-01-01,25476428
184,1,28,2008-01-01,72308266
185,2,29,2011-06-01,34845406
186,1,36,2003-07-16,84393625
187,2,27,2015-08-18,63830104
188,1,28,2014-09-10,19450442
189,1,58,1981-07-15,82178052
190,1,38,1998-09-01,87183702
191,2,34,2003-06-23,85720778
192,1,28,2012-11-01,40771159
193,1,39,2003-07-01,18008199
194,2,34,2003-11-01,12021499
195,2,46,2002-02-01,60381995
196,1,31,2008-06-01,44011490
197,2,30,2015-08-01,52728110
198,1,67,1969-12-01,74266212
199,2,61,1974-02-01,62964482
200,2,55,1980-12-01,53423738
201,2,61,1974-04-01,36421169
202,1,65,1988-06-01,28041659
203,2,67,1968-12-01,19278936
204,2,54,1980-01-01,68182986
205,2,59,1976-01-01,45509183
206,1,45,1991-06-01,85827547
207,2,51,1987-07-01,19591652
208,2,28,2013-08-01,47421229
209,1,27,2014-08-28,71959032
210,1,33,2002-11-18,65780522
211,2,41,1994-07-01,11087253
212,1,35,2005-09-01,27022241
213,2,37,2003-09-01,14537029
214,1,61,1973-09-01,16250828
215,1,44,1994-08-01,45217604
216,1,42,1993-09-03,68263524
217,2,29,2007-09-01,90651051
218,2,32,2007-09-12,40072992
219,1,28,2016-07-02,61767168
220,1,47,1988-11-01,29402391
221,2,27,2014-08-12,71208307
222,1,30,2009-07-01,21529932
223,1,29,2013-08-01,57178602
224,1,26,2015-08-25,43732444
225,2,32,2006-04-01,76319573
226,1,27,2012-04-01,83485314
227,1,29,2011-07-01,38965340
228,2,25,2014-08-01,18793911
229,1,50,1985-09-01,33206618
230,1,35,2005-01-01,54971133
231,1,27,2012-12-01,39767816
232,1,29,2012-09-01,35686309
233,2,28,2014-07-01,90243232
234,2,31,2010-01-24,91808670
235,2,42,1999-07-01,13222388
236,1,40,1998-10-01,48511203
237,1,31,2010-07-01,63030105
238,2,46,1994-07-08,80985965
239,1,42,1998-07-01,41873945
240,1,33,2007-01-01,35671859
241,2,29,2010-03-01,71698836
242,1,32,2007-07-01,51872596
243,1,30,2014-08-01,60141362
244,1,56,1979-11-01,42849825
245,1,45,1993-08-10,73783697
246,1,47,1990-09-01,55297705
247,2,30,2010-09-26,57527866
248,2,48,1985-12-30,53669093
249,2,26,2016-02-26,13836304
250,2,25,2014-11-01,85701988
251,2,41,1994-11-01,83294893
252,2,28,2012-07-26,85923077
253,1,30,2013-03-01,35581511
254,1,55,1980-08-21,81870300
255,2,37,2003-07-01,59883810
256,1,35,1999-12-01,60057904
257,2,48,1990-11-01,22140671
258,2,25,2011-12-01,54824449
259,2,30,2011-07-11,60222753
260,2,27,2016-07-01,19757905
261,1,29,2013-03-11,71635379
262,2,39,1999-09-20,59952413
263,1,45,1990-05-01,71849716
264,2,27,2014-12-08,33681703
265,2,29,2014-01-15,69562954
266,2,41,2001-08-01,24683335
267,1,62,1982-03-01,30177162
268,2,24,2016-07-01,32521888
269,1,47,1994-07-01,78010000
270,1,48,1995-04-01,11380577
271,1,29,2012-07-01,26670266
272,1,56,1982-08-01,79086543
273,2,39,1996-07-01,12574214
274,2,38,2003-07-01,60349943
275,2,29,2011-09-01,12850389
276,2,25,2015-01-01,27644280
277,2,41,2000-07-01,21240858
278,1,28,2011-07-01,72514535
279,1,42,1997-07-01,15903509
280,1,39,2000-09-01,22361592
281,1,30,2012-03-01,12973531
282,1,36,2001-11-07,17306564
283,1,52,1986-07-01,32288174
284,2,38,2002-08-01,28077872
285,1,31,2010-09-01,48940819
286,1,31,2012-07-26,61147674
287,2,30,2013-05-13,55387109
288,2,27,2014-12-08,49547302
289,2,29,2013-05-20,80388997
290,1,31,2009-07-01,89929855
291,1,30,2014-12-08,54346030
292,1,53,1983-11-01,99700836
293,2,30,2014-12-08,87228028
294,2,28,2013-05-30,20332226
295,2,34,2012-11-19,30810021
296,2,38,2004-07-01,56352952
297,2,30,2014-12-08,16047893
298,2,31,2012-11-19,88543823
299,2,40,2012-08-19,84404836
300,1,28,2012-11-19,51217401
301,2,28,2014-12-08,63927719
302,2,26,2016-07-01,74323430
303,1,28,2013-10-12,20944137
304,1,28,2014-12-08,13835629
305,1,25,2015-06-24,26009277
306,2,37,2012-11-19,82066795
307,2,27,2014-01-13,49260578
308,2,29,2013-10-12,75864861
309,2,25,2015-08-24,59355386
310,2,29,2013-10-12,45479275
311,2,33,2011-06-30,48025021
312,2,50,1990-07-01,25963457
313,1,39,2001-07-01,83859809
314,2,48,1993-07-01,76181479
315,1,58,1980-10-01,67489154
316,2,36,2006-05-01,91234469
317,2,29,2012-11-01,31794883
318,1,35,2008-05-05,40091223
319,1,31,2011-06-01,21468390
320,1,33,2008-10-01,26920942
321,1,26,2014-08-06,44866007
322,1,29,2013-10-12,34108078
323,2,45,2009-09-04,78462018
324,2,25,2014-08-19,79127793
325,1,29,2012-06-01,16854345
326,2,24,2016-07-01,92961723
327,2,29,2013-05-06,85213487
328,1,46,2012-08-19,87826454
329,1,44,1998-09-01,78596556
330,1,48,1990-09-01,50081763
331,1,37,2002-06-01,59114058
332,2,71,1980-09-01,63464991
333,2,55,1986-12-01,95764101
334,2,64,1980-02-01,10120589
335,2,65,1982-08-01,40872433
336,2,71,1979-11-01,13302208
337,2,63,1974-12-01,99088430
338,2,60,1976-04-01,48855451
339,1,36,2004-07-01,83298086
340,1,60,1976-12-01,73178251
341,2,53,1985-12-01,11987506
342,1,43,1991-09-01,87440869
343,1,34,2001-09-16,48608024
344,2,39,2011-04-13,13931891
345,1,36,2012-01-25,63293112
346,1,34,2009-04-27,84439408
347,2,28,2013-07-01,68844404
348,1,42,1994-12-01,16333934
349,1,35,2006-06-26,11755295
350,2,28,2011-11-28,33842924
351,2,25,2011-06-29,38824049
352,1,46,1988-06-20,73884637
353,1,28,2014-08-01,13081845
354,2,27,2015-05-19,13092099
355,1,44,1998-10-01,49704735
356,2,32,2010-06-01,62050313
357,2,34,2008-04-14,48921159
358,1,41,1993-07-01,68341507
359,2,43,1995-07-01,89102676
360,1,27,2014-11-13,92329711
361,1,36,2003-05-01,95975962
362,2,24,2016-07-20,46894507
363,1,29,2012-01-01,56039981
364,2,30,2014-03-31,36266637
365,1,37,1999-12-01,75403506
366,1,42,1994-11-01,40040736
367,1,34,2007-11-01,54057712
368,2,44,1992-02-01,90988799
369,2,29,2013-08-14,52048237
370,1,40,2002-07-01,59819921
371,2,33,2009-04-01,42278395
372,2,24,2015-05-19,43611009
373,2,50,1989-09-01,76499889
374,1,28,2014-01-13,32489999
375,2,35,2004-07-01,90166968
376,1,29,2011-07-04,76982444
377,2,38,2000-06-01,85712580
378,1,34,2004-03-01,15844936
379,1,33,2009-10-01,35429381
380,1,33,2012-07-18,46734768
381,2,32,2015-02-27,61446696
382,2,37,2003-01-01,11750069
383,2,41,2004-07-01,99991266
384,2,47,1988-06-01,80399016
385,1,30,2011-02-01,12101026
386,2,42,1994-09-02,46940096
387,2,39,1996-04-01,42975884
388,2,33,2009-04-24,19234234
389,2,49,1988-08-01,27414815
390,1,28,2013-07-16,29226430
391,2,26,2015-05-26,21661686
392,1,49,1988-07-11,35793352
393,1,36,2001-01-05,30236074
394,2,27,2014-09-26,82744615
395,1,52,1986-07-01,92663816
396,1,30,2011-04-14,50811572
397,2,36,2005-07-01,61384027
398,1,39,1999-01-01,28057275
399,1,35,2014-01-23,97028269
400,1,36,2005-07-01,91722802
401,2,36,2007-06-01,57063116
402,1,46,1998-01-01,31324513
403,1,39,2002-06-01,94578102
404,1,29,2012-06-21,82380576
405,1,30,2012-09-12,90122650
406,1,26,2015-06-24,47007928
407,1,47,1995-07-01,11081402
408,2,39,2001-07-12,84918625
409,1,25,2016-07-01,68584661
410,2,29,2012-07-28,32182652
411,2,32,2014-07-24,76173590
412,1,24,2016-07-01,17658842
413,2,23,2016-07-01,57439491
414,2,27,2016-07-01,67879844
415,1,31,2012-07-22,35008264
416,2,39,2001-05-18,85319891
417,2,41,1996-09-01,60409710
418,2,30,2011-04-14,25937466
419,1,26,2015-07-09,93709723
420,2,24,2016-03-24,43003976
421,2,25,2015-06-30,65772628
422,1,33,2008-07-01,13911041
423,2,27,2016-07-01,70463294
424,1,38,1998-09-01,32937872
425,2,35,2005-12-29,15590767
426,1,40,1997-07-01,72414387
427,2,49,1985-05-01,79026607
428,2,36,2010-06-01,32543580
429,2,27,2016-03-01,47479051
430,1,30,2007-11-01,11333430
431,2,27,2012-07-26,14066762
432,2,49,1989-07-01,14427650
433,1,28,2012-09-03,38020770
434,2,32,2009-04-01,88438540
435,1,40,1994-11-01,29904738
436,2,42,1998-07-01,41749343
437,1,32,2011-04-01,17222874
438,2,32,2007-09-01,54151751
439,2,41,1994-09-12,74981007
440,2,37,2002-07-01,90045258
441,1,44,1992-07-01,57848241
442,1,37,2002-07-01,88150243
443,1,28,2012-07-27,55379678
444,2,28,2010-04-01,53864358
445,2,30,2010-01-01,33442070
446,1,30,2011-04-01,61549659
447,1,48,1987-12-01,58045289
448,1,44,1996-01-01,54018510
449,2,41,1999-12-01,62355868
450,2,33,2009-07-01,17244309
451,1,31,2007-04-01,37053846
452,1,29,2014-12-08,57865077
453,1,51,1988-08-01,32487820
454,2,27,2014-10-08,40095997
455,1,25,2014-12-08,24141055
456,2,27,2014-12-08,16708193
457,2,32,2011-11-01,96227316
458,2,28,2013-11-25,78517270
459,2,27,2014-12-08,63536274
460,1,31,2012-11-19,87282414
461,1,27,2015-06-24,84354692
462,2,29,2014-12-08,23255983
463,1,56,1982-05-01,10637783
464,1,30,2010-07-18,29917290
465,1,24,2014-10-10,39372480
466,1,26,2014-10-10,59039730
467,2,25,2015-07-01,97970972
468,1,34,2006-09-01,93753492
469,1,33,2009-07-01,43108422
470,2,26,2016-01-22,68918121
471,1,37,2004-09-01,80937043
472,1,30,2011-04-01,75247355
473,1,37,2008-10-01,95398685
474,1,28,2010-05-09,58516399
475,2,32,2010-01-21,58590910
476,2,32,2010-10-01,50703856
477,2,36,2004-07-01,93151901
478,2,33,2007-09-11,37626725
479,2,46,1988-08-08,86705500
480,1,43,1994-09-01,23042142
481,1,29,2015-05-26,39499351
482,2,46,1986-09-01,77037750
483,2,26,2015-07-08,86047664
484,1,52,1986-07-01,55213937
485,2,36,2008-06-01,40224362
486,1,40,1999-09-01,70651031
487,1,33,2010-07-08,96790433
488,1,46,1994-09-01,28354915
489,2,42,1993-09-01,97915238
490,2,28,2014-01-01,59990379
491,2,48,1988-07-02,15997662
492,2,39,1996-04-01,74427207
493,1,35,2005-07-01,61584526
494,2,66,1971-07-01,20949764
495,2,59,1977-08-01,42214721
496,2,64,1972-01-01,31387647
497,2,67,1969-08-01,28854015
498,2,72,1977-08-01,15796838
499,1,65,1970-10-01,83063218
500,2,55,1995-04-01,59530759
501,1,48,1988-08-01,31213321
502,2,52,1996-01-01,99500842
503,1,54,1984-08-01,69502713
504,2,33,2006-11-01,76989700
505,2,36,2012-09-01,76449610
506,2,35,2009-01-01,55295976
507,1,28,2014-02-18,66178954
508,2,37,1997-08-20,25703483
509,2,28,2011-11-01,33607327
510,1,38,2003-07-16,96937834
511,2,31,2015-06-29,65785619
512,2,62,1992-01-01,36783364
513,2,55,1979-12-01,83342564
514,2,58,1991-03-01,84178691
515,2,64,1970-12-01,82414547
516,2,58,1993-01-01,38220019
517,2,54,1980-11-01,13572547
518,2,61,1987-11-01,76731372
519,1,43,1994-11-01,10836042
520,1,50,1987-07-01,96448657
521,2,53,1981-12-01,50370906
522,1,56,1980-12-01,47284828
523,1,31,2011-10-01,93401663
524,1,54,1981-10-31,12190575
525,1,40,2000-09-10,34181143
526,1,29,2014-01-06,84207390
527,2,35,2007-07-01,99351760
528,1,29,2013-10-01,66426495
529,2,33,2013-11-04,84825688
530,1,30,2012-07-27,48255359
531,1,27,2015-04-06,62133650
532,1,25,2014-07-25,81209130
533,2,27,2015-09-24,15999798
534,1,45,1992-08-01,31486322
535,1,25,2015-06-01,28412674
536,2,33,2008-08-15,48004858
537,2,30,2011-04-01,31976802
538,2,27,2015-04-07,59182574
539,2,31,2010-02-01,62353198
540,2,28,2014-01-15,69168896
541,1,33,2008-04-01,12479651
542,1,27,2014-03-26,10941544
543,1,36,2004-07-01,80226534
544,2,34,2011-02-01,20719921
545,2,31,2014-09-01,35954361
546,2,27,2012-07-16,23114588
547,2,38,2011-02-01,88965690
548,1,36,2010-05-01,66679781
549,2,44,1994-11-01,73831759
550,1,28,2014-10-10,34081042
551,1,31,2012-11-12,44508952
552,2,30,2012-11-12,20337142
553,2,43,1992-08-01,51198390
554,2,35,2007-09-10,64949316
555,1,49,1991-07-01,61502274
556,2,38,1995-12-01,59778031
557,2,42,1995-05-01,31467618
558,1,45,1989-10-01,11312891
559,2,33,2007-10-01,95370669
560,2,25,2016-07-01,10778885
561,2,42,1994-08-01,89613400
562,2,45,1990-09-01,63626688
563,1,35,2004-07-01,16618164
564,2,28,2014-11-17,13681546
565,1,40,1999-09-01,62759981
566,1,35,2003-07-01,59746200
567,1,38,2003-07-01,96635039
568,2,25,2011-05-01,85277419
569,1,29,2012-07-28,44658207
570,1,37,1999-08-01,99597053
571,1,55,1983-02-01,59915197
572,2,24,2016-07-01,47849450
573,2,28,2013-03-01,24155027
574,2,29,2014-12-08,59659594
575,2,25,2016-07-01,14775966
576,2,45,1993-09-01,56626543
577,1,32,2008-06-01,61106963
578,2,33,2008-02-01,25694235
579,2,29,2016-03-01,55095905
580,1,32,2010-05-10,73800868
581,1,34,2008-08-01,77543043
582,1,27,2012-03-30,21978701
583,1,33,2013-10-16,30133281
584,2,28,2015-08-01,32580874
585,1,27,2012-07-01,98514486
586,1,44,1996-07-01,31587756
587,2,28,2011-10-10,40380283
588,1,42,1995-10-08,96781331
589,1,32,2003-12-01,24827236
590,1,30,2015-01-04,26281218
591,2,29,2013-03-07,30430600
592,1,32,2010-06-01,74730769
593,2,32,2010-06-01,67122904
594,2,31,2011-08-01,52851650
595,1,32,2012-07-01,74523791
596,2,35,2005-09-01,35604919
597,1,29,2012-07-27,39727799
598,1,42,1994-08-01,65880227
599,2,36,2000-12-01,94836528
600,1,35,2007-07-01,19062866
601,1,32,2010-07-08,41995770
602,1,40,2002-07-01,21263788
603,2,41,2002-07-01,14511550
604,2,35,2009-04-01,79927860
605,2,34,2003-08-01,13297769
606,2,31,2009-07-01,93134856
607,1,32,2007-07-01,79525237
608,1,25,2015-05-19,12092854
609,2,33,2008-07-02,59565761
610,2,25,2014-07-01,77402195
611,2,37,2001-09-01,61687613
612,2,29,2015-06-19,87327547
613,2,29,2015-03-30,41698373
614,1,32,2007-12-04,49083492
615,1,29,2009-02-24,28060160
616,1,35,2007-06-26,82058785
617,1,41,1998-01-01,72999860
618,2,29,2015-10-27,88814333
619,2,27,2015-08-01,95651722
620,1,30,2010-11-01,61840166
621,1,30,2012-07-01,15221950
622,2,22,2016-07-01,25007402
623,1,29,2012-12-31,57982073
624,2,26,2014-02-01,26498773
625,2,26,2016-07-01,54442751
626,2,38,2008-02-14,23803508
627,2,30,2014-01-15,68241313
628,1,35,2005-07-01,49795895
629,2,54,1979-12-01,86194696
630,2,37,2003-07-01,70729994
631,1,29,2012-02-01,31814078
632,1,29,2011-07-01,72560514
633,2,27,2016-07-01,22288649
634,1,36,2004-07-17,96964259
635,1,43,1994-01-01,36056913
636,1,29,2013-07-22,50038481
637,2,37,2004-01-01,48935746
638,1,40,1998-10-04,40651258
639,2,32,2007-07-01,45683946
640,2,43,1996-11-01,47845689
641,2,27,2016-03-01,65122413
642,2,36,2006-01-01,29047623
643,1,41,1998-11-16,98725084
644,1,33,2007-07-01,65366538
645,1,27,2014-12-08,65578431
646,2,37,2003-06-01,36306651
647,2,26,2016-03-25,86773907
648,1,55,1979-12-01,72333577
649,1,33,2009-04-25,22792794
650,2,37,2011-01-14,20684766
651,2,33,2009-10-14,34588594
652,2,27,2013-07-01,15968408
653,2,27,2013-03-01,79681405
654,1,30,2014-03-31,68172510
655,2,32,2014-07-01,34022503
656,2,34,2007-10-01,28755010
657,2,27,2012-04-01,72376548
658,2,33,2005-12-01,13441042
659,2,26,2015-04-07,17357551
660,2,25,2016-07-18,24492086
661,2,31,2010-07-01,42451127
662,1,30,2012-11-01,95145716
663,2,45,1992-09-01,21160107
664,2,26,2015-03-04,29022213
665,1,44,1994-11-01,51470186
666,1,29,2012-02-01,32224980
667,2,49,1985-12-01,54812739
668,1,46,1990-03-01,93835318
669,1,26,2015-06-24,81558062
670,2,32,2012-02-01,27404622
671,1,45,1990-12-01,44276799
672,2,24,2016-07-01,73799065
673,2,24,2016-07-01,48622022
674,1,27,2014-07-24,54278861
675,2,29,2014-01-15,74053755
676,2,31,2010-03-22,76557129
677,1,25,2014-01-15,81925128
678,2,27,2013-08-02,91411354
679,2,24,2016-07-01,79778066
680,1,34,2006-06-01,26821746
681,2,37,2001-01-01,72078541
682,1,25,2015-05-11,74117787
683,1,45,1988-08-08,72968926
684,1,25,2015-05-20,87397970
685,2,45,1993-04-01,54382680
686,1,28,2008-12-01,64210008
687,2,33,2007-09-13,95574010
688,1,44,1992-08-01,47428950
689,2,32,2009-11-02,35492175
690,1,44,1993-08-01,69540251
691,2,40,1996-05-01,30179631
692,2,42,1993-12-01,75296141
693,1,32,2010-01-24,83936089
694,1,31,2004-12-01,74033341
695,1,36,2005-01-01,51414806
696,1,30,2015-06-24,65580489
697,1,30,2011-08-01,31740620
698,2,33,2011-11-11,17824020
699,1,36,2006-07-01,47954598
700,2,30,2009-07-01,76337145
701,1,42,1998-05-01,52253029
702,1,36,2000-12-01,34540792
703,1,24,2015-07-21,69042970
704,2,35,2005-05-01,82581685
705,2,40,1997-01-01,32203777
706,1,50,1985-12-25,74014131
707,1,25,2015-05-19,70711673
708,2,25,2015-04-01,46073544
709,1,48,1992-07-01,87009267
710,2,31,2010-01-24,43601302
711,2,33,2008-10-23,84937778
712,2,28,2013-09-01,36416631
713,2,25,2016-07-01,67509394
714,2,42,1994-06-01,46837106
715,2,27,2014-07-28,39624971
716,1,38,1999-10-01,46532597
717,2,25,2015-06-30,19951203
718,2,34,2010-07-01,56603443
719,2,32,2009-01-06,86116826
720,2,42,1998-08-01,15494687
721,2,28,2016-05-03,95366065
722,1,33,2010-07-01,11361440
723,2,29,2011-07-01,39458311
724,1,33,2007-08-01,69053242
725,1,29,2011-07-01,57877427
726,2,32,2010-01-24,59353065
727,1,26,2014-02-07,28994227
728,1,30,2016-02-18,36902472
729,2,36,2007-03-01,25854913
730,2,30,2011-04-13,50170893
731,1,35,2004-12-29,83616950
732,2,32,2010-01-24,45066983
733,2,48,1991-07-01,44406911
734,2,26,2015-05-26,44257505
735,2,27,2015-06-01,63919898
736,1,26,2014-10-01,13983472
737,2,24,2016-07-01,62300052
738,1,34,2003-11-01,60158676
739,1,32,2010-09-01,90502290
740,2,32,2007-07-01,90311532
741,2,28,2014-06-01,46024109
742,2,25,2016-07-01,80435353
743,1,44,1990-08-01,29454219
744,1,46,1993-03-01,47246588
745,1,50,1987-08-01,40160762
746,1,42,1999-07-01,23694094
747,2,50,1984-03-01,41450631
748,1,38,2003-06-01,51999365
749,2,31,2011-07-01,82617186
750,2,30,2009-07-01,55718421
751,1,31,2007-06-01,42050349
752,1,58,1978-12-01,22620774
753,2,29,2012-11-19,96639955
754,1,25,2013-10-12,97428064
755,2,30,2012-11-19,79028149
756,2,29,2014-12-08,40417175
757,1,29,2013-10-12,80667820
758,2,26,2014-12-11,11834620
759,1,27,2013-10-12,88726373
760,1,30,2012-09-01,94828923
761,2,34,2006-07-07,45565667
762,2,33,2007-08-01,23684834
763,2,30,2005-03-01,97311005
764,1,35,2005-07-01,89798609
765,1,31,2011-07-01,81840779
766,2,38,2003-07-01,79823853
767,1,23,2016-07-01,83719281
768,1,30,2011-09-25,40787563
769,2,26,2015-08-01,63751900
770,1,48,1987-11-01,53724448
771,1,28,2015-03-09,68388403
772,1,45,1993-11-01,99009252
773,2,28,2015-08-01,50890696
774,2,40,1997-07-01,75290658
775,2,34,2010-03-06,88477347
776,1,27,2015-12-15,16751475
777,2,28,2014-11-14,11198983
778,1,35,2006-07-13,53309348
779,2,36,2005-08-01,76662585
780,1,36,2003-07-01,59419405
781,1,28,2013-11-18,25169115
782,2,29,2013-07-01,49862594
783,1,29,2013-07-01,24485784
784,2,25,2015-07-17,71271034
785,2,26,2016-07-25,91613342
786,2,25,2016-07-25,96726360
787,2,46,1999-07-01,80515943
788,1,38,2000-08-01,82728384
789,1,35,2010-07-06,23850985
790,2,38,2004-04-01,92760506
791,2,31,2011-11-25,41931622
792,2,28,2016-07-01,98952458
793,2,55,1979-12-12,33678395
794,1,54,1983-12-01,42286420
795,2,29,2012-08-01,51166284
796,2,44,1994-12-01,39835514
797,2,31,2011-04-01,53350981
798,1,25,2016-04-05,37403415
799,1,37,1998-10-01,62470892
800,2,38,2003-07-15,48884953
801,2,36,2004-07-01,73915427
802,2,39,2001-07-01,42486183
803,1,46,1989-04-01,74938269
804,1,32,2010-01-04,49288779
805,1,35,2007-11-01,91499585
806,1,37,2002-07-01,72893487
807,2,36,2002-06-01,50194227
808,1,41,2001-07-15,47115458
809,2,31,2010-08-01,11197789
810,1,42,1998-07-01,20069893
811,2,30,2010-03-08,18263585
812,1,36,2008-10-27,99697047
813,2,26,2014-10-01,86487094
814,1,37,2008-06-27,54899304
815,1,46,2001-06-01,45229906
816,2,28,2016-07-01,95891429
817,2,45,1995-12-01,14240392
818,2,31,2014-12-08,52785590
819,2,25,2015-07-08,74205513
820,2,43,1995-07-01,27644461
821,1,25,2014-09-09,25971871
822,2,34,2009-10-01,25718215
823,2,36,2007-07-01,19236723
824,2,30,2010-08-01,69381407
825,1,28,2011-06-30,47857692
826,2,33,2007-03-30,35916653
827,1,48,1992-03-01,81147177
828,2,24,2015-07-08,37407932
829,1,28,2014-12-04,80806254
830,1,47,1994-01-01,16880218
831,1,31,2010-10-01,15353528
832,1,29,2007-12-01,52716430
833,1,44,1993-11-03,68884071
834,1,44,1992-02-01,31671060
835,2,36,2008-10-31,88628931
836,1,36,2005-04-01,90190956
837,2,37,2007-09-11,81223132
838,1,36,2008-06-01,15671342
839,2,27,2016-03-01,50009841
840,1,36,2003-07-10,36996264
841,2,35,2009-07-01,21214959
842,2,36,2005-07-02,94541052
843,1,46,1992-08-01,33671055
844,1,39,2003-07-01,43937521
845,1,46,1993-07-01,39697816
846,2,40,1995-06-01,70739035
847,1,39,2002-07-01,56212249
848,2,31,2011-07-22,16332533
849,1,27,2016-07-01,10218381
850,2,34,2009-12-01,82259177
851,2,35,2009-08-01,66620350
852,2,36,2002-09-01,34791594
853,2,29,2012-07-26,17785610
854,2,26,2015-07-29,66911499
855,1,30,2011-07-18,45168488
856,1,34,2006-07-01,92946156
857,2,28,2011-07-01,68032092
858,1,44,1991-12-01,95803147
859,2,31,2010-07-01,41822004
860,1,34,2008-07-01,72956948
861,2,32,2006-12-01,60724547
862,1,36,2004-07-15,65011855
863,2,28,2016-07-01,31063853
864,2,31,2010-01-01,72502787
865,1,28,2005-12-19,47253145
866,2,33,2006-07-01,62505431
867,2,41,2000-07-01,66787774
868,1,29,2012-07-26,89694320
869,1,36,2010-07-08,58850500
870,1,31,2009-08-17,74407339
871,1,40,1995-12-01,20393319
872,2,30,2012-05-01,10313744
873,1,30,2006-12-01,97029677
874,2,38,2003-07-01,74346896
875,1,31,2009-07-01,96361171
876,1,40,2000-10-01,78831651
877,1,35,2006-07-01,18841320
878,1,52,1980-05-01,23034306
879,1,45,1992-09-01,16288860
880,2,36,2005-04-15,30677626
881,2,45,1992-09-01,94004270
882,2,27,2013-05-01,73771548
883,2,30,2011-06-01,80805991
884,1,36,2008-02-14,60280222
885,2,27,2010-07-15,82794438
886,1,26,2015-06-30,99472253
887,1,46,1996-08-01,26053307
888,1,53,1983-01-01,94754761
889,1,27,2014-08-01,40554173
890,2,47,1986-09-16,48863445
891,2,26,2015-06-09,85751105
892,2,30,2011-03-14,61737291
893,2,37,1997-12-01,59439957
894,2,24,2015-11-20,37933432
895,1,52,1982-12-17,78133897
896,2,27,2013-10-29,33796993
897,2,25,2015-07-15,47821325
898,1,31,2010-01-04,91075172
899,1,36,2005-07-01,54478682
900,1,30,2014-05-01,46445702
901,1,31,2011-03-15,24071579
902,2,44,1993-07-01,78090807
903,2,31,2009-02-01,80576635
904,1,26,2014-11-05,68501054
905,2,31,2010-04-13,80310640
906,1,25,2016-07-19,66540859
907,1,56,1979-11-07,84325022
908,2,30,2014-03-11,91001155
909,1,50,1990-10-01,98055249
910,1,34,2010-07-08,71344967
911,1,32,2003-11-01,22220688
912,2,27,2013-02-26,36432531
913,2,28,2013-07-01,52574919
914,2,41,1994-11-01,25841715
915,1,31,2010-09-01,18303871
916,1,45,1993-08-01,56393756
917,1,30,2009-09-26,99944648
918,2,33,2010-07-01,28577467
919,1,36,2005-08-01,16348785
920,2,34,2007-09-01,95281520
921,2,29,2011-04-01,69891214
922,1,27,2015-05-19,17150727
923,1,23,2014-05-28,83975024
924,2,32,2012-08-01,83757007
925,2,35,2010-07-01,22577244
926,1,39,2004-07-15,57651592
927,1,29,2011-07-22,16454452
928,2,32,2013-06-18,84995051
929,2,40,2001-07-14,95080346
930,2,34,2005-12-01,57490464
931,2,33,2009-04-29,87387798
932,1,29,2014-02-16,74848925
933,2,34,2010-03-07,76495202
934,2,49,1985-05-01,81198071
935,2,26,2015-06-30,60366715
936,2,31,2008-12-01,81713807
937,2,31,2010-07-07,83597623
938,2,25,2016-07-01,87515171
939,1,28,2013-07-16,94010660
940,2,27,2015-06-30,63603138
941,2,36,2005-07-13,31185267
942,2,33,2007-07-01,83302069
943,2,23,2016-07-01,14573325
944,2,46,1991-01-01,19672029
945,1,24,2014-10-28,81440267
946,2,36,2008-10-01,68951256
947,2,29,2014-01-15,86653906
948,1,28,2014-07-28,24642609
949,2,41,2001-07-10,81551019
950,2,43,1995-09-01,84662069
951,1,28,2016-07-01,92837515
952,1,35,2005-07-01,33240947
953,2,30,2011-09-01,23002415
954,1,31,2009-10-01,46717528
955,2,28,2012-05-01,65442163
956,2,25,2016-07-25,52383205
957,1,29,2011-06-01,48978225
958,1,34,2006-10-01,21756864
959,2,30,2006-06-01,82839150
960,1,31,2006-11-10,66352278
961,2,28,2010-06-01,86147203
962,2,32,2006-01-01,69424950
963,1,30,2012-11-01,77303255
964,2,28,2015-01-04,40968470
965,1,36,2004-07-01,96264745
966,2,27,2013-07-01,63141629
967,1,25,2014-11-15,62468360
968,1,30,2011-08-01,60599728
969,2,31,2010-09-01,46698970
970,1,47,1988-12-01,60484541
971,2,31,2009-07-01,91758145
972,2,31,2013-06-18,26904899
973,2,27,2014-07-01,96347588
974,1,39,2003-07-15,32577198
975,1,27,2015-08-01,70518051
976,1,33,2011-10-08,53559407
977,2,29,2015-08-01,29229711
978,2,26,2016-07-01,15604986
979,2,37,2004-09-01,79415521
980,1,33,2008-09-01,29563290
981,2,36,2007-03-16,84335785
982,2,35,1999-12-01,33621877
983,2,47,1986-09-01,76754381
984,1,27,2015-05-26,45953831
985,2,30,2015-01-04,54486322
986,2,48,1985-12-01,80459788
987,2,26,2015-08-01,73281366
988,2,31,2010-06-20,80620746
989,2,26,2015-08-01,69985173
990,2,28,2015-07-01,31395064
991,2,32,2009-09-01,21108527
992,2,27,2015-01-04,47689639
993,1,28,2015-02-11,89705798
994,2,32,2015-01-04,92383471
995,2,25,2015-09-01,61729215
996,2,25,2015-04-20,96072576
997,1,27,2013-08-01,17141367
998,2,28,2015-07-06,21310395
999,1,30,2011-07-01,28199685
1000,1,32,2011-03-01,72352444
1001,1,27,2012-03-01,36190107
1002,2,27,2013-07-01,66854001
1003,2,26,2016-07-01,35593898
1004,2,30,2011-09-01,75063772
1005,2,31,2012-03-02,95614312
1006,2,31,2007-04-01,89499406
1007,2,28,2016-05-03,51926976
1008,1,25,2015-07-08,27458567
1009,2,29,2012-07-01,99969298
1010,2,36,2004-07-14,37700345
1011,1,34,2006-01-01,86545282
1012,2,26,2014-09-01,58497368
1013,1,25,2015-07-08,45068030
1014,1,39,2003-12-01,14416855
1015,1,45,1992-11-01,62173871
1016,1,36,2004-07-01,82882390
1017,1,33,2007-09-13,41243590
1018,1,38,2004-07-01,72715325
1019,2,30,2011-04-01,59880841
1020,1,29,2010-03-07,18616033
1021,1,27,2014-07-28,50596476
1022,1,38,2002-09-01,26193590
1023,1,42,1994-06-01,25582090
1024,1,44,1992-12-01,40942824
1025,1,55,1979-05-01,84498242
1026,2,27,2012-11-13,75079180
1027,2,32,2009-05-01,85239854
1028,1,38,2010-04-01,77902650
1029,1,23,2015-11-18,48371436
1030,1,35,2005-05-28,42960042
1031,2,33,2013-07-16,77459554
1032,2,28,2012-04-13,26987375
1033,2,44,1994-04-16,33469739
1034,1,48,1992-07-01,58426749
1035,2,36,2005-07-01,27225371
1036,1,38,2004-07-01,62163902
1037,2,48,1992-07-01,64276072
1038,1,33,2011-04-14,69376314
1039,2,28,2013-08-01,97875249
1040,2,25,2015-10-26,64412517
1041,1,30,2016-07-05,63637441
1042,2,29,2010-04-01,81069964
1043,1,32,2010-11-08,22025074
1044,2,31,2009-10-01,61194653
1045,1,38,2000-09-01,78258499
1046,2,27,2013-03-01,42327359
1047,1,30,2011-08-01,65061555
1048,1,32,2008-01-01,67418993
1049,1,35,2004-07-10,71852739
1050,1,32,2008-11-01,22710696
1051,2,43,1995-07-01,18408248
1052,2,37,2003-11-26,55017192
1053,1,30,2014-12-08,86033440
1054,1,28,2013-01-01,61523003
1055,1,24,2015-06-24,33749336
1056,1,29,2014-12-08,63945717
1057,2,26,2015-07-13,95487373
1058,1,28,2015-06-24,81605946
1059,2,30,2014-10-01,11711243
1060,1,27,2013-07-01,67173790
1061,2,26,2014-07-28,15175537
1062,2,28,2014-12-08,47258823
1063,2,36,2006-05-01,72740964
1064,1,53,1981-10-29,71204291
1065,2,28,2014-08-12,43120505
1066,2,45,1992-01-01,34054214
1067,2,31,2009-10-20,37954386
1068,1,27,2013-07-01,67347382
1069,1,25,2015-06-24,12914006
1070,1,30,2011-08-01,74792882
1071,2,28,2012-07-01,16981549
1072,2,30,2011-07-01,25297253
1073,2,31,2009-07-01,31688672
1074,1,23,2015-07-01,65811837
1075,2,28,2016-08-22,50497157
1076,1,27,2015-05-19,33504659
1077,2,33,2007-03-01,44677408
1078,1,28,2015-07-17,53471011
1079,2,26,2015-07-17,30161480
1080,2,33,2004-09-01,94977976
1081,1,30,2015-07-17,10585864
1082,1,37,2003-07-01,13350873
1083,2,35,2005-07-13,51220382
1084,1,29,2015-05-21,50926698
1085,1,31,2015-02-13,53797176
1086,2,48,1986-08-01,44650534
1087,1,29,2015-08-28,98278346
1088,1,30,2014-05-01,31810738
1089,1,31,2008-09-01,37725135
1090,1,33,2010-12-13,86907740
1091,2,30,2010-11-01,81479687
1092,2,35,2007-10-01,28444738
1093,1,31,2009-07-01,98985962
1094,1,34,2006-08-01,83111564
1095,1,36,2008-01-01,16491691
1096,1,36,2006-07-01,89728929
1097,1,34,2011-07-01,52516391
1098,1,39,1998-05-01,77163811
1099,1,34,2007-08-01,92364514
1100,2,31,2014-02-19,59183446
1101,1,33,2008-05-01,41592924
1102,1,30,2012-10-09,35907400
1103,1,41,2001-07-13,86749937
1104,1,25,2013-03-07,57749175
1105,1,47,1996-08-01,54817669
1106,2,34,2008-02-14,26830940
1107,1,51,1988-06-01,28266091
1108,1,33,2007-12-01,79718779
1109,1,31,2010-07-01,20133361
1110,2,26,2015-07-06,85646721
1111,1,31,2013-05-06,90527787
1112,2,30,2010-03-01,98662751
1113,1,36,2009-07-01,80086389
1114,2,26,2016-07-26,86654976
1115,2,25,2014-08-11,48855089
1116,2,28,2014-04-08,79041857
1117,1,30,2011-07-01,28118331
1118,1,28,2013-07-01,43570986
1119,1,37,2006-04-01,11266715
1120,2,50,1985-12-01,37358788
1121,1,33,2013-06-18,69969369
1122,1,39,2004-07-15,91095668
1123,2,36,2004-07-15,86701863
1124,2,32,2007-08-01,65739735
1125,1,50,1993-04-01,75053689
1126,1,29,2007-09-01,31202574
1127,2,40,1997-04-01,76371602
1128,2,31,2011-08-01,45637604
1129,2,30,2011-09-01,48557792
1130,2,35,2013-10-12,77111436
1131,1,28,2014-12-08,29774900
1132,1,38,1999-08-01,15582376
1133,2,25,2014-12-08,78631804
1134,2,29,2012-11-19,11277692
1135,1,28,2014-12-08,18643445
1136,1,48,1989-08-15,53659831
1137,1,29,2014-07-05,53029960
1138,2,43,1997-07-01,48910414
1139,2,27,2011-09-03,25517625
1140,2,39,1999-04-11,61461451
1141,2,39,1999-11-01,91176816
1142,1,34,2011-08-01,22154511
1143,2,24,2016-07-26,22000316
1144,1,30,2012-08-07,27018897
1145,1,46,1994-08-01,55325511
1146,2,45,2001-01-01,29463920
1147,2,47,1989-08-01,67215847
1148,1,31,2012-11-13,91680494
1149,2,44,1994-01-04,89957774
1150,2,29,2013-03-28,29294896
1151,1,45,1991-07-01,14902304
1152,1,37,2005-07-01,70433615
1153,2,31,2015-03-28,10926882
1154,1,29,2013-05-01,33876888
1155,1,45,1992-09-01,84821923
1156,2,26,2013-03-28,33258274
1157,2,25,2015-05-19,94345107
1158,2,40,2002-07-01,81445817
1159,2,27,2014-08-14,83366333
1160,1,31,2010-07-01,98852300
1161,1,27,2015-06-24,80815447
1162,2,24,2015-06-30,83013248
1163,2,32,2011-07-01,73801658
1164,2,45,1992-07-01,33098741
1165,1,25,2016-07-26,71888050
1166,2,37,2004-08-01,27813439
1167,1,50,1987-12-31,26439763
1168,1,41,2000-10-24,16289867
1169,1,47,1991-12-01,51827633
1170,2,26,2015-01-28,83488755
1171,2,29,2010-01-24,19850747
1172,2,26,2015-06-08,75700334
1173,1,61,1977-12-01,22699150
1174,2,37,1999-06-01,38306758
1175,1,27,2014-09-16,97979357
1176,1,33,2011-07-01,75328568
1177,1,47,1988-04-01,40594360
1178,2,29,2011-09-01,87565300
1179,1,26,2015-06-30,70043157
1180,1,32,2011-05-01,66901720
1181,1,27,2014-03-01,21726232
1182,2,25,2016-07-01,11202575
1183,2,28,2014-07-01,17389090
1184,2,26,2013-12-01,79381008
1185,2,24,2016-07-01,89069476
1186,2,29,2015-06-26,42374856
1187,2,24,2016-07-01,43780097
1188,2,32,2010-07-01,39872548
1189,2,32,2008-07-01,27934649
1190,2,46,1989-01-01,49068043
1191,1,39,2003-07-15,40390255
1192,2,38,2006-08-01,15064527
1193,1,36,2005-09-01,88172548
1194,1,36,2003-07-01,38120812
1195,1,29,2012-11-01,46083999
1196,2,31,2009-04-01,61576980
1197,1,30,2010-07-01,76453650
1198,2,35,2009-07-01,92822482
1199,2,33,2009-07-01,15458502
1200,1,31,2011-03-01,33343158
1201,2,38,2001-08-01,40389905
1202,2,29,2013-11-01,56682323
1203,1,32,2008-07-01,57122170
1204,1,30,2012-07-26,77321450
1205,1,29,2014-07-28,22782046
1206,2,28,2013-11-18,91191370
1207,2,32,2013-11-18,88854878
1208,1,29,2013-11-18,95045337
1209,1,28,2014-07-28,65136469
1210,1,25,2014-12-08,42651779
1211,1,30,2014-12-08,81992976
1212,1,26,2015-08-01,58913703
1213,2,32,2010-01-24,88015636
1214,2,26,2015-08-01,43250081
1215,1,36,2005-02-01,82548913
1216,2,30,2015-01-04,25383989
1217,2,26,2015-01-01,37532517
1218,1,36,2001-10-01,66487660
1219,1,32,2004-11-01,89697089
1220,1,34,2004-09-01,28344752
1221,2,31,2008-07-01,45245225
1222,1,43,2009-09-01,94913335
1223,2,26,2016-07-01,55215186
1224,1,28,2015-08-01,73616329
1225,1,31,2009-10-01,97873334
1226,1,37,2003-08-01,84401529
1227,1,35,2010-07-01,12351492
1228,2,28,2016-05-03,57631062
1229,1,29,2015-07-21,19278855
1230,1,35,2009-09-27,41111368
1231,1,25,2013-08-23,49297699
1232,1,54,1979-12-01,87408629
1233,1,29,2012-11-26,49011340
1234,1,61,1979-08-01,24241267
1235,1,25,2016-02-26,53314329
1236,1,27,2014-12-08,86618049
1237,2,24,2017-07-07,85888307
1238,1,28,2013-05-03,82802237
1239,1,26,2014-07-01,98757636
1240,2,25,2018-01-22,52757660
1241,2,30,2011-07-01,96938234
1242,2,35,2005-10-01,77377761
1243,1,29,2012-06-01,85586014
1244,2,26,2015-06-24,84523128
1245,1,32,2011-11-01,80973688
1246,1,38,2001-07-01,24733529
1247,1,32,2006-09-01,82691551
1248,1,42,1997-12-01,26108925
1249,2,39,2004-06-01,22499293
1250,2,26,2015-06-30,31424650
1251,1,33,2004-08-01,15021674
1252,2,35,2007-07-01,28342141
1253,1,33,2009-09-27,84580107
1254,2,39,1997-10-13,64617753
1255,2,38,2008-10-30,83827522
1256,1,27,2015-03-18,94287383
1257,1,31,2006-01-01,28156458
1258,1,35,2006-08-07,63451565
1259,2,30,2011-06-01,79389384
1260,1,41,2000-05-01,23690743
1261,2,27,2016-02-24,77681958
1262,1,26,2016-01-01,81311280
1263,2,33,2006-07-01,62887686
1264,1,31,2010-09-01,95877747
1265,2,27,2014-07-01,94849240
1266,2,28,2013-07-15,81307490
1267,1,25,2015-06-24,76013656
1268,1,24,2016-07-01,77375288
1269,2,29,2012-06-01,85982466
1270,2,24,2016-07-01,15549896
1271,2,27,2014-08-01,67310130
1272,1,24,2016-07-01,29769531
1273,1,29,2013-11-01,81195520
1274,1,27,2014-06-01,10329602
1275,1,27,2015-06-01,43696166
1276,2,26,2012-07-01,44031393
1277,2,28,2015-06-24,46599453
1278,2,28,2015-06-24,72109354
1279,2,26,2015-06-01,34292843
1280,2,31,2012-09-01,50672024
1281,2,30,2010-01-10,24118859
1282,1,26,2016-07-25,93705032
1283,1,25,2016-07-25,61810753
1284,1,55,1981-01-01,34153591
1285,2,28,2013-08-01,86268707
1286,2,31,2011-04-14,34899253
1287,1,33,2012-07-02,62580041
1288,2,26,2014-11-03,23908624
1289,1,30,2012-07-01,28967815
1290,2,35,2008-06-01,84764405
1291,2,55,1980-12-01,65782544
1292,2,29,2012-06-01,79297516
1293,1,33,2008-09-01,38919399
1294,1,35,2005-10-01,50938472
1295,1,33,2006-09-01,94148157
1296,1,43,1995-08-01,33496290
1297,1,52,1983-11-20,78333834
1298,1,26,2015-01-04,72074695
1299,1,28,2012-07-19,42320807
1300,1,49,1991-09-01,23908916
1301,1,31,2012-10-16,68116749
1302,1,35,2005-03-01,56758001
1303,2,28,2014-01-06,33402395
1304,2,28,2014-03-01,34977672
1305,2,42,2002-07-01,36827425
1306,2,29,2014-02-20,84727768
1307,2,31,2012-05-01,39551283
1308,1,49,1986-10-01,92350316
1309,2,26,2015-05-06,38722905
1310,1,32,2009-10-08,25841955
1311,1,26,2015-08-01,61576724
1312,2,32,2012-06-04,71994303
1313,1,40,1996-11-01,14650177
1314,2,35,2005-09-01,81354783
1315,2,27,2014-06-01,21916274
1316,1,39,2002-07-01,79413206
1317,1,29,2015-05-27,12911639
1318,1,25,2013-10-01,67041286
1319,1,27,2015-11-19,18721013
1320,1,25,2015-11-17,48043920
1321,1,34,2007-09-01,98159493
1322,2,25,2015-08-01,80689607
1323,1,34,2009-08-01,98374937
1324,2,30,2009-10-01,38880310
1325,1,29,2009-07-01,89494488
1326,1,27,2014-06-20,80752940
1327,2,29,2017-02-27,74046288
1328,2,34,2011-08-01,30833363
1329,2,31,2011-05-01,19010473
1330,1,49,1988-10-08,83799294
1331,1,33,2006-08-01,68702329
1332,2,30,2010-04-01,74519395
1333,2,31,2009-09-01,54791399
1334,1,27,2011-04-14,82721043
1335,2,36,2006-11-01,65515411
1336,2,29,2016-01-22,95839057
1337,2,30,2012-07-01,63182919
1338,1,26,2013-07-01,41873756
1339,1,33,2012-11-01,28054934
1340,2,27,2013-03-01,94701670
1341,1,30,2011-07-01,19654059
1342,2,31,2012-09-01,15172722
1343,1,26,2017-02-23,27042987
1344,2,48,1990-01-01,84245651
1345,2,26,2014-12-01,95245235
1346,2,32,2009-02-01,65432833
1347,2,26,2016-01-12,59601108
1348,1,25,2017-01-16,45164348
1349,2,26,2014-07-01,41915676
1350,1,30,2012-07-01,65131302
1351,1,27,2014-03-12,10941112
1352,1,32,2007-08-01,24602159
1353,1,35,2000-08-01,14056716
1354,2,30,2012-03-01,67259271
1355,1,30,2010-09-01,10214794
1356,2,46,2013-01-01,66719204
1357,2,26,2017-07-06,98569517
1358,1,24,2015-11-01,61156257
1359,1,38,2002-06-08,94052758
1360,1,59,1984-04-01,62696237
1361,2,25,2015-07-17,84125654
1362,2,26,2015-07-17,81339520
1363,1,24,2016-08-01,56065308
1364,2,25,2015-09-03,56014730
1365,2,25,2016-06-27,20640934
1366,1,23,2016-07-05,56317027
1367,2,31,2010-06-01,41067934
1368,2,25,2016-10-11,74827410
1369,2,27,2016-07-01,96223853
1370,2,25,2016-04-01,62570289
1371,1,29,2010-10-01,31916747
1372,2,28,2014-08-12,62931498
1373,2,25,2015-10-16,47287838
1374,1,24,2017-08-18,55000867
1375,1,25,2016-07-01,78259854
1376,1,27,2015-03-27,55601446
1377,1,24,2016-07-01,33988153
1378,1,25,2016-07-01,71272324
1379,1,27,2014-08-28,16997530
1380,2,26,2015-07-17,63430831
1381,2,26,2015-07-17,63483032
1382,1,28,2014-08-01,13659641
1383,2,28,2013-07-01,14914814
1384,2,29,2014-12-08,38398354
1385,1,25,2016-07-01,61717764
1386,2,29,2010-05-01,89417300
1387,1,35,2005-12-08,77516059
1388,1,35,2001-10-01,44701778
1389,1,48,1990-11-01,90641280
1390,1,31,2009-03-01,11527793
1391,1,33,2009-04-25,91433297
1392,2,27,2015-03-26,76897666
1393,1,30,2012-02-09,19229070
1394,1,36,2004-07-01,98532531
1395,1,37,2003-07-15,51703352
1396,2,30,2016-07-01,87464515
1397,1,50,1990-07-01,63623484
1398,2,31,2011-07-01,54011983
1399,1,27,2013-01-01,33299804
1400,1,39,2006-07-13,71731827
1401,1,28,2011-07-01,57611730
1402,2,25,2015-07-01,45794865
1403,1,29,2013-03-01,34720888
1404,2,35,2006-03-01,67333748
1405,1,37,2003-07-01,85650804
1406,1,37,2004-07-15,74284368
1407,2,25,2015-03-01,69206721
1408,2,27,2015-11-01,71509777
1409,1,29,2012-07-01,55968215
1410,1,26,2015-06-24,72175064
1411,1,25,2015-07-01,66910519
1412,1,29,2010-07-01,23081218
1413,2,24,2015-06-24,24809166
1414,2,25,2015-06-24,67711086
1415,2,30,2012-07-01,42265294
1416,2,26,2016-03-11,93468543
1417,1,27,2015-05-28,47565274
1418,1,26,2015-08-27,96684887
1419,2,26,2015-07-01,64337064
1420,1,25,2014-07-01,30562264
1421,1,30,2010-10-01,20230421
1422,1,27,2014-03-01,97565134
1423,1,26,2013-07-01,50829767
1424,1,29,2011-06-01,17310240
1425,1,36,2010-05-10,60735701
1426,1,52,1985-07-01,48609838
1427,1,29,2012-07-01,21112064
1428,1,32,2011-08-01,52148606
1429,1,37,2004-09-01,64206782
1430,1,37,2004-07-15,95416606
1431,1,34,2003-07-01,20591018
1432,1,39,1998-01-01,66408280
1433,1,28,2009-02-01,19372039
1434,2,30,2010-07-07,85938344
1435,1,34,2007-09-11,40485122
1436,2,49,1987-06-01,84152945
1437,1,30,2012-02-17,98826462
1438,2,35,2002-07-01,99881625
1439,2,28,2012-07-01,25726763
1440,2,29,2010-03-01,42914979
1441,1,24,2015-06-30,89942462
1442,1,33,2007-07-01,49870238
1443,2,34,2009-08-01,33527720
1444,2,38,2003-07-16,20384702
1445,2,30,2015-06-30,15576041
1446,1,28,2016-07-01,23288907
1447,2,34,2008-07-01,19590017
1448,1,31,2010-03-01,73665389
1449,2,26,2016-04-05,23968899
1450,1,32,2009-07-01,82381388
1451,1,39,2002-09-01,44398089
1452,2,33,2009-08-01,39868635
1453,1,43,1998-08-01,91124128
1454,1,29,2011-04-14,76323988
1455,2,30,2012-07-01,74266462
1456,1,31,2010-06-01,12605936
1457,2,33,2006-04-01,32135723
1458,2,30,2009-10-01,89777503
1459,2,34,2011-01-01,86627857
1460,1,27,2013-07-03,37731049
1461,2,27,2013-05-09,23547638
1462,1,28,2013-06-01,18208266
1463,2,25,2014-12-08,86521118
1464,2,27,2014-12-08,10464197
1465,1,26,2014-12-08,32431237
1466,1,26,2015-06-24,70604517
1467,2,26,2015-06-24,71339481
1468,2,28,2014-12-08,30417323
1469,1,24,2015-07-13,41151987
1470,2,27,2015-06-24,20825766
1471,1,37,2005-06-01,55857703
1472,1,28,2013-07-01,14239598
1473,2,28,2014-12-08,77207465
1474,2,31,2008-08-01,62330878
1475,2,26,2014-05-01,30670903
1476,2,43,1994-08-01,63791186
1477,1,28,2013-07-16,45655015
1478,2,31,2011-04-01,92165928
1479,1,49,1989-07-01,21002066
1480,1,22,2016-05-03,80027887
1481,1,34,2007-05-23,43906538
1482,2,28,2010-11-01,10997563
1483,1,28,2013-03-01,71033026
1484,1,27,2012-07-01,17133571
1485,1,44,1996-01-04,51171497
1486,1,36,2005-07-01,25238408
1487,1,37,1997-10-01,72011449
1488,1,43,1993-05-01,41348104
1489,1,28,2014-01-06,53296550
1490,2,27,2015-01-04,67704157
1491,2,26,2015-08-01,57803164
1492,1,31,2013-07-04,87585754
1493,1,48,1992-07-01,57862297
1494,1,52,1988-07-15,52069573
1495,1,30,2011-07-01,94614434
1496,1,26,2014-07-01,54687233
1497,2,29,2011-02-28,15079199
1498,1,31,2015-06-15,37230431
1499,1,35,2005-03-04,89907283
1500,1,31,2011-11-01,65544293
1501,1,32,2008-07-01,43805270
1502,2,26,2015-06-24,74924057
1503,1,44,1993-08-01,15404384
1504,1,28,2015-06-24,42992475
1505,1,40,2005-07-01,54683443
1506,1,28,2014-12-08,15648151
1507,1,36,2006-12-01,71097372
1508,1,25,2015-05-26,42587573
1509,2,30,2011-10-01,21504171
1510,2,25,1993-03-07,47154006
1511,2,34,2011-03-01,41007017
1512,1,39,2008-06-01,76173171
1513,2,24,2016-07-04,97767590
1514,2,44,2016-01-04,15852356
1515,2,23,2016-01-12,36797620
1516,2,30,2011-11-01,60502163
1517,1,23,2016-08-01,51360330
1518,1,45,2016-09-01,62355012
1519,1,28,2015-03-24,88722939
1520,2,47,1996-08-01,66161247
1521,1,27,2014-07-01,19918190
1522,2,24,2016-11-01,44931313
1523,1,25,2017-02-17,39066754
1524,1,25,2015-06-03,14133124
1525,1,31,2008-12-01,21071487
1526,2,29,2011-02-01,61258820
1527,1,41,2000-07-01,25349808
1528,2,27,2015-06-24,61472128
1529,2,26,2016-12-05,27737477
1530,1,26,2015-06-01,47655711
1531,2,23,2017-07-05,73937239
1532,1,26,2016-07-01,42618104
1533,2,32,2012-08-21,38589682
1534,2,29,2015-08-01,77683557
1535,1,32,2009-07-01,25800118
1536,2,27,2015-08-01,33093856
1537,2,27,2014-01-06,11118462
1538,1,37,2005-06-01,75017930
1539,1,25,2015-08-01,82219152
1540,1,28,2013-02-22,79354499
1541,1,27,2015-01-04,78493321
1542,2,44,1997-07-21,95163096
1543,1,37,2005-07-01,39707889
1544,1,40,1997-12-01,48938025
1545,1,35,2007-10-22,51296193
1546,1,34,2004-10-01,83649309
1547,2,29,2010-12-01,84366322
1548,1,28,2014-04-01,90000510
1549,1,31,2011-04-01,82111131
1550,1,29,2013-11-01,96093697
1551,1,29,2013-01-01,90128017
1552,2,28,2015-06-24,94544109
1553,2,27,2015-06-24,94058751
1554,2,26,2015-06-01,85222982
1555,1,30,2012-07-01,28937446
1556,1,28,2015-04-01,72607630
1557,2,27,2014-09-01,12475518
1558,2,28,2013-08-01,33960179
1559,2,37,2005-08-01,45344175
1560,1,34,2006-09-01,67546356
1561,2,38,2002-12-01,60787524
1562,2,27,2016-05-25,24814380
1563,1,33,2007-07-01,54480681
1564,2,39,2007-07-01,99243075
1565,2,31,2010-06-01,79620044
1566,2,27,2016-07-01,77850190
1567,2,34,2009-08-01,63802100
1568,1,29,2012-08-01,32216932
1569,1,34,2006-07-01,73276454
1570,2,29,2016-04-12,44514905
1571,1,30,2010-07-01,26655436
1572,2,32,2010-07-01,39892553
1573,1,25,2015-08-01,35900195
1574,2,26,2015-08-01,20293211
1575,2,27,2012-12-03,87019596
1576,2,25,2015-08-01,68230307
1577,1,32,2013-01-05,75614667
1578,2,30,2014-11-14,77310660
1579,1,27,2015-08-01,29937680
1580,1,33,2009-07-01,34196013
1581,2,27,2015-08-01,27838162
1582,1,31,2015-05-06,80121870
1583,1,25,2015-08-01,44071979
1584,2,29,2015-08-01,93300879
1585,1,28,2011-07-01,46728592
1586,1,28,2013-01-01,56268445
1587,2,29,2014-07-28,30243555
1588,2,29,2013-07-01,40773981
1589,1,26,2016-07-25,55731705
1590,2,28,2016-07-25,12786393
1591,2,48,1991-08-01,55981396
1592,2,32,2009-06-01,42386632
1593,2,30,2011-04-14,37857921
1594,2,30,2013-03-13,94354158
1595,1,35,2007-11-08,60978576
1596,2,47,1993-07-05,44987560
1597,2,33,2007-07-01,32988953
1598,1,48,1993-07-01,45258108
1599,1,48,1990-08-01,16050948
1600,1,30,2012-08-21,87425023
1601,1,45,1995-07-01,45430358
1602,1,30,2016-07-25,17995457
1603,1,35,2008-07-01,97179223
1604,2,49,1988-08-01,96670615
1605,2,39,1999-07-01,16524381
1606,2,32,2012-08-23,87807727
1607,2,39,1999-08-01,18131737
1608,1,26,2016-06-13,10970461
1609,2,33,2010-01-24,37033729
1610,1,29,2015-01-04,58142051
1611,2,25,2015-08-01,76537495
1612,1,29,2011-10-01,93822360
1613,2,27,2015-01-04,57468809
1614,1,28,2012-07-19,44943551
1615,2,31,2010-05-01,40338861
1616,2,26,2015-08-01,82010800
1617,2,39,2003-12-01,75032071
1618,2,43,1994-05-01,97306627
1619,2,31,2010-07-01,29772554
1620,2,46,1994-07-01,77162318
1621,1,29,2014-06-01,51655837
1622,1,28,2015-08-01,51465786
1623,2,28,2016-07-01,27647039
1624,1,32,2010-12-01,20012997
1625,1,34,2007-07-01,18620824
1626,1,30,2013-07-01,24506175
1627,2,34,2010-05-10,64105743
1628,2,32,2011-07-01,26027239
1629,2,33,2010-06-01,97987885
1630,2,31,2014-07-01,11648879
1631,1,36,2007-08-01,10196555
1632,2,36,2005-06-01,17071634
1633,2,37,2003-07-01,85625367
1634,1,37,1999-08-01,32175858
1635,2,35,2007-05-01,62910172
1636,1,32,2011-07-01,63552257
1637,1,38,2003-06-01,53074083
1638,2,41,1994-06-01,69953012
1639,1,35,2005-07-01,96854259
1640,1,28,2014-07-28,96981076
1641,1,33,2007-12-01,86567642
1642,1,29,2013-11-18,41881572
1643,2,29,2013-11-18,42120586
1644,2,29,2014-07-28,72316361
1645,2,27,2014-12-08,60066265
1646,2,28,2014-12-08,70235253
1647,2,27,2012-09-13,20283744
1648,1,25,2015-06-24,57603172
1649,1,29,2014-12-08,23600424
1650,1,27,2014-12-08,97807221
1651,1,28,2015-06-24,69398599
1652,2,28,2014-07-28,57885353
1653,2,29,2015-11-27,22977881
1654,2,30,2009-02-01,81404663
1655,2,31,2010-06-01,49424792
1656,2,29,2010-01-01,30916246
1657,2,28,2014-12-08,12872525
1658,1,24,2015-05-19,89428695
1659,2,30,2011-09-01,74767464
1660,1,32,2009-07-01,46014837
1661,1,32,2010-06-01,80161997
1662,2,35,2005-08-01,39562526
1663,2,50,1983-07-01,80483848
1664,2,42,1992-01-01,93345243
1665,1,32,2010-09-01,59611499
1666,1,30,2011-06-01,99093781
1667,1,26,2015-04-14,34336764
1668,1,35,2010-05-10,99928518
1669,2,31,2012-08-01,25962622
1670,1,26,2014-07-28,61706723
1671,2,25,2015-01-04,98347778
1672,2,32,2015-10-08,81789305
1673,2,24,2016-10-21,74399568
1674,2,28,2014-06-01,32173416
1675,1,27,2014-01-06,18295885
1676,1,32,2010-03-01,54652461
1677,2,48,1990-09-01,32710935
1678,1,30,2015-04-10,24161346
1679,1,43,1995-11-02,97105141
1680,1,28,2013-05-01,31913658
1681,1,31,2013-03-13,48753739
1682,1,38,1994-11-01,70048638
1683,1,32,2009-01-01,68254050
1684,2,25,2015-08-01,27623647
1685,1,34,2008-10-01,86994893
1686,1,35,2005-07-01,34001112
1687,1,35,2006-03-01,48665576
1688,2,36,2015-01-04,85595587
1689,1,39,2001-07-01,72854306
1690,2,30,2014-12-08,61970394
1691,2,26,2015-08-01,35305027
1692,1,50,1991-08-01,74543349
1693,2,27,2014-07-01,21812008
1694,1,32,2011-06-05,69859905
1695,2,29,2014-07-28,91045849
1696,2,31,2015-07-17,23633682
1697,2,29,2016-07-25,79070922
1698,2,27,2016-07-25,72698467
1699,2,26,2014-07-01,53319957
1700,1,38,2003-07-01,30979742
1701,2,34,2006-07-01,27160760
1702,1,44,1997-07-01,26731535
1703,1,28,2015-08-01,59588790
1704,1,29,2010-01-01,14826031
1705,2,27,2013-08-01,35796883
1706,1,37,2003-09-01,72880122
1707,1,34,2010-07-01,57347768
1708,1,33,2009-07-01,57223233
1709,1,27,2015-07-17,78934628
1710,2,35,2010-05-01,74366266
1711,1,25,2015-07-17,76992617
1712,2,30,2010-07-08,21751281
1713,1,37,2004-08-01,33041158
1714,1,26,2014-08-01,13200197
1715,1,31,2011-10-20,80981318
1716,2,35,2005-05-01,61481544
1717,2,27,2012-07-01,29241613
1718,2,27,2015-11-20,21328722
1719,1,38,2005-07-01,94834434
1720,1,29,2012-10-01,83105586
1721,1,30,2010-01-01,74683141
1722,2,29,2016-07-01,15622726
1723,1,25,2016-07-01,14824772
1724,1,31,2011-07-01,23982643
1725,1,32,2009-07-03,60106020
1726,1,26,2016-06-23,96795429
1727,1,31,2009-07-07,26163774
1728,1,36,2005-08-01,32489125
1729,1,31,2015-11-20,34708115
1730,1,30,2013-07-01,55429965
1731,1,26,2011-12-01,41477203
1732,1,30,2008-12-01,46244544
1733,2,29,2015-07-17,26326443
1734,1,46,1994-05-01,90694025
1735,1,32,2009-10-01,44313490
1736,2,29,2009-09-01,83398972
1737,2,30,2014-12-08,95780885
1738,2,29,2012-07-01,39463501
1739,1,46,1989-09-04,71881378
1740,1,30,2013-07-10,94585901
1741,2,27,2013-07-01,14966323
1742,2,29,2014-12-08,88676625
1743,1,25,2014-12-08,84366644
1744,2,32,2013-05-01,31807314
1745,2,56,1980-12-20,76122221
1746,1,30,2014-12-08,20257218
1747,1,26,2015-06-24,64788236
1748,2,26,2015-06-24,58268039
1749,2,28,2014-12-08,14393352
1750,2,27,2016-08-17,68060437
1751,1,27,2015-07-13,54864656
1752,2,25,2016-03-18,37742608
1753,1,25,2015-06-24,98683349
1754,2,46,2015-10-01,71772964
1755,1,44,2015-03-01,67457758
1756,1,41,2015-05-21,11362202
1757,2,28,2013-06-01,75575494
1758,2,26,2014-12-08,47787821
1759,2,27,2012-01-01,38154693
1760,2,27,2015-06-29,96143023
1761,2,28,2014-12-08,41985256
1762,2,27,2014-12-08,61486004
1763,2,28,2012-09-01,39071517
1764,2,28,2013-11-18,13826640
1765,2,45,1992-01-01,87178044
1766,2,29,2012-06-20,11729098
1767,1,36,2011-04-01,17529383
1768,2,30,2011-07-01,59029891
1769,2,29,2011-02-28,73369586
1770,2,29,2014-07-28,43346911
1771,1,40,1999-04-01,98633944
1772,1,23,2015-07-21,47316313
1773,2,24,2016-09-23,92028979
1774,1,25,2016-03-22,20427915
1775,2,31,2012-05-01,73573155
1776,2,36,2004-07-01,91837206
1777,2,35,2009-04-28,17823714
1778,1,30,2016-03-01,93573642
1779,1,54,1985-12-31,93055571
1780,2,31,2013-05-20,28431990
1781,1,30,2010-03-08,69777853
1782,1,42,1997-07-01,91580445
1783,1,27,2014-06-01,14252200
1784,1,25,2016-09-21,32523908
1785,1,58,1980-07-01,29204960
1786,2,28,2015-04-01,89164618
1787,2,37,2015-07-15,60972311
1788,1,52,1984-04-01,79657263
1789,1,32,2004-07-01,12496865
1790,1,34,2010-10-01,77410059
1791,1,31,2010-10-01,88805936
1792,2,26,2017-03-20,94204138
1793,2,32,2008-11-03,67919148
1794,1,24,2017-01-03,19188335
1795,2,25,2017-01-03,95274834
1796,1,34,2008-09-01,31766649
1797,1,39,1998-01-01,16611375
1798,1,24,2016-06-01,95039533
1799,2,25,2017-03-06,10796114
1800,1,24,2013-09-01,33304416
1801,1,34,2006-07-01,62362229
1802,2,43,1993-10-01,88771837
1803,1,39,2002-07-01,14275707
1804,2,32,2008-07-01,88344929
1805,2,35,2007-09-01,88156579
1806,1,31,2010-12-01,31764619
1807,2,26,2015-06-01,36032374
1808,1,27,2017-03-27,94513780
1809,2,22,2016-11-01,42489425
1810,1,42,1997-01-01,13426586
1811,2,25,2015-08-01,35413000
1812,2,25,2016-06-21,29239624
1813,2,31,2011-07-01,33159921
1814,1,26,1989-11-01,20555047
1815,1,44,1996-08-01,27483895
1816,2,24,2017-11-29,18339333
1817,1,23,2018-07-18,24525570
1818,2,48,2017-08-24,61702264
1819,2,30,2010-07-01,44020818
1820,2,33,2006-11-11,24531626
1821,2,26,2017-04-24,66533937
1822,1,29,2014-04-01,15567768
1823,2,57,1980-08-01,33989819
1824,2,29,2011-05-30,27277239
1825,1,26,2014-03-01,66424090
1826,2,37,2005-01-01,16091868
1827,2,40,2001-02-01,60713474
1828,2,22,2018-07-23,78792718
1829,2,29,2012-07-02,79968903
1830,1,40,2000-08-01,91592486
1831,2,49,2018-05-09,93582546
1832,1,30,2015-04-01,24843637
1833,1,24,2017-07-06,79863004
1834,2,23,2017-07-21,33959684
1835,1,35,2006-01-01,59365064
1836,2,31,2008-06-30,36407874
1837,2,29,2011-06-01,23357562
1838,2,29,2012-02-01,70350784
1839,2,31,2014-08-11,50947582
1840,1,35,2010-05-10,20662486
1841,1,31,2011-07-22,57609687
1842,1,36,2004-07-15,70661781
1843,1,30,2003-12-01,91651879
1844,1,31,2011-07-22,25683354
1845,2,33,2007-09-01,80441400
1846,2,44,1995-04-01,55446872
1847,2,25,2015-05-19,64609092
1848,1,27,2015-05-19,19784277
1849,1,33,2009-04-26,82780090
1850,1,26,2016-07-01,98571218
1851,2,27,2016-07-01,78123847
1852,2,44,1994-11-01,13572160
1853,2,25,2015-06-30,57151181
1854,2,46,1988-12-01,35270085
1855,1,39,2007-10-01,88439148
1856,2,34,2006-07-01,19029436
1857,2,46,1991-07-01,14590167
1858,1,37,2004-09-05,74382687
1859,1,28,2016-07-01,47988843
1860,1,29,2013-06-01,26766981
1861,1,25,2016-07-01,63456598
1862,2,30,2009-04-25,58356426
1863,2,29,2014-07-01,22487842
1864,1,29,2016-07-01,45460414
1865,2,37,2002-07-01,33600764
1866,1,35,2010-07-09,71250028
1867,1,47,1988-06-14,42186522
1868,1,31,2010-07-08,64362084
1869,2,26,2015-06-24,16281063
1870,2,24,2016-01-12,55802064
1871,1,28,2014-10-01,38985530
1872,2,32,2013-08-01,83685610
1873,2,25,2016-08-01,84009151
1874,2,33,2007-03-25,43191490
1875,1,27,2014-06-20,26622409
1876,1,25,2015-10-16,59250599
1877,2,28,2015-06-01,97591112
1878,1,27,2015-06-24,50828960
1879,1,30,2012-09-01,82934591
1880,1,25,2015-08-12,65911558
1881,2,33,2007-05-01,50782617
1882,2,34,2007-07-01,72289364
1883,1,58,1977-01-01,68136574
1884,1,49,1988-12-01,51330154
1885,1,31,2011-08-01,20076127
1886,2,44,1995-08-01,59484598
1887,2,28,2014-07-28,70694644
1888,1,24,2014-04-01,55608337
1889,2,31,2012-07-01,96688003
1890,2,24,2016-09-01,56393886
1891,2,28,2013-11-18,29611562
1892,2,29,2014-12-08,20616205
1893,2,39,2003-12-01,30469346
1894,2,29,2012-07-01,71414721
1895,2,25,2015-08-01,60350554
1896,2,29,2012-08-01,16649327
1897,1,50,1983-12-01,16941314
1898,1,22,2018-07-12,45611297
1899,2,33,2013-03-07,35215435
1900,2,34,2007-12-01,93723051
1901,1,25,2013-11-01,11395959
1902,1,26,2015-06-24,10588385
1903,1,34,2009-04-24,49835240
1904,1,60,1975-04-05,47014420
1905,2,35,2006-02-01,88136327
1906,2,24,2016-10-08,86164172
1907,1,26,2016-01-04,31730262
1908,1,28,2015-07-17,90226939
1909,1,30,2009-05-01,99420490
1910,2,28,2012-11-01,71186573
1911,1,27,2016-04-18,57187127
1912,1,48,2013-09-25,78304433
1913,2,41,1996-08-01,79719422
1914,2,24,2017-06-21,76786062
1915,2,24,2016-08-31,19605320
1916,1,29,2013-12-01,68952942
1917,1,28,2012-05-01,53262403
1918,2,50,2001-03-01,76324724
1919,1,27,2009-12-01,78109595
1920,1,28,2015-01-01,15868045
1921,1,32,2005-11-01,18483678
1922,2,29,2013-11-18,32530638
1923,1,28,2014-12-08,20496615
1924,1,29,2013-07-01,28511831
1925,2,28,2014-12-08,94627536
1926,2,28,2015-01-23,18490867
1927,2,24,2015-06-24,91865065
1928,1,35,2006-08-01,13822089
1929,1,28,2015-06-24,26616570
1930,2,25,2015-07-17,57210260
1931,1,31,2010-07-07,53389596
1932,1,30,2013-09-01,27587377
1933,2,28,2013-04-01,74141078
1934,2,35,2007-03-01,58904770
1935,2,31,2012-09-01,31903294
1936,2,30,2011-07-01,62697406
1937,2,30,2012-02-01,75901431
1938,1,26,2014-07-01,23793223
1939,2,41,2001-01-04,85843980
1940,1,25,2015-06-28,60443323
1941,2,31,2014-12-01,69760609
1942,2,34,2008-08-08,40172974
1943,1,38,1999-08-05,41461648
1944,2,32,2010-06-01,77915933
1945,1,28,2016-06-01,71708742
1946,1,33,2006-08-01,70774440
1947,1,28,2014-09-01,11788182
1948,2,38,2003-07-13,88560375
1949,1,32,2010-07-01,47170665
1950,2,30,2013-05-01,35001996
1951,1,25,2015-08-01,69849958
1952,2,28,2014-09-01,26223229
1953,2,35,2006-01-01,45945919
1954,2,24,2016-07-01,30073652
1955,1,28,2015-08-01,10283568
1956,2,43,1998-11-02,17155689
1957,1,35,2011-04-14,48299379
1958,1,34,2009-10-01,22379381
1959,1,24,2017-06-20,28747352
1960,1,31,2010-07-01,83226153
1961,2,27,2016-07-01,97458407
1962,2,32,2010-06-01,84502613
1963,2,35,2008-07-01,25275600
1964,1,32,2009-07-01,13484247
1965,1,30,2009-10-01,87572968
1966,2,25,2016-08-15,84468143
1967,1,27,2015-10-01,90754773
1968,2,26,2014-01-13,31981320
1969,1,35,2007-07-01,48441955
1970,2,25,2016-07-01,60862392
1971,2,27,2016-12-01,80578190
1972,1,55,1979-12-25,38728700
1973,2,51,2017-04-01,86240940
1974,1,32,2014-07-28,54411723
1975,2,26,2014-12-08,98795855
1976,2,46,1990-12-01,59317592
1977,2,43,1994-08-01,55104592
1978,2,25,2016-07-01,89424539
1979,2,32,2010-01-02,31242714
1980,1,29,2013-11-18,26924818
1981,1,29,2014-12-08,71047545
1982,2,27,2014-12-08,19566301
1983,2,26,2014-12-08,81932377
1984,1,46,1995-08-01,78706428
1985,2,35,2007-07-01,58312535
1986,1,28,2012-08-14,58567309
1987,1,30,2011-05-04,65573929
1988,1,27,2015-10-09,57312647
1989,2,26,2015-06-24,36720615
1990,1,34,2010-07-01,93440824
1991,1,27,2014-12-08,25510821
1992,1,27,2014-03-01,26311599
1993,1,33,2011-07-01,48531875
1994,1,23,2018-01-02,34878782
1995,2,25,2014-12-08,95560546
1996,1,25,2015-06-24,36306048
1997,1,42,2000-01-01,51147448
1998,2,33,2009-04-03,24466747
1999,2,24,2017-06-27,38295248
2000,1,49,1993-12-01,31884505
2001,2,25,2017-07-24,74913044
2002,1,27,2005-04-01,81971039
2003,2,24,2016-07-01,60522236
2004,2,35,2004-06-01,50664456
2005,2,22,2017-08-10,45722975
2006,2,27,2013-02-01,25301641
2007,2,29,2014-07-01,58672153
2008,2,28,2014-03-01,57336090
2009,1,23,2017-07-05,47410333
2010,1,28,2009-03-02,57420660
2011,2,23,2015-01-01,77968968
2012,2,24,2017-08-15,52451157
2013,1,23,2017-07-10,19648143
2014,1,40,1998-08-03,45813760
2015,1,29,2012-06-21,29223509
2016,2,28,2016-07-01,34058983
2017,1,36,2004-07-16,93189174
2018,1,30,2010-07-15,30729590
2019,2,37,2004-09-01,46515804
2020,2,33,2010-07-01,96877159
2021,2,35,2006-04-01,51825454
2022,1,36,2005-07-01,98370765
2023,1,37,2005-07-15,24068605
2024,1,35,2004-06-01,15717955
2025,1,31,2011-02-01,54676264
2026,2,27,2016-07-01,37734666
2027,2,36,2007-07-01,95211815
2028,1,34,2010-04-01,60181489
2029,2,29,2011-04-11,68621781
2030,1,40,2002-07-01,34998844
2031,2,35,2005-12-01,87696130
2032,2,33,2012-07-01,50145499
2033,2,36,2006-09-01,75938605
2034,1,43,1994-08-01,25067917
2035,1,36,2003-07-01,42831650
2036,1,47,1990-08-01,93632804
2037,2,30,2015-08-01,33810391
2038,1,29,2014-01-06,64636334
2039,2,32,2009-07-01,78334450
2040,1,30,2007-12-01,46338041
2041,2,29,2015-08-01,55144697
2042,1,30,2015-03-09,15942687
2043,2,26,2015-08-01,74412942
2044,1,49,1990-07-01,49597692
2045,1,33,2010-11-22,56814711
2046,2,31,2015-08-01,18986648
2047,2,31,2010-01-24,89056593
2048,1,30,2015-05-11,22202928
2049,1,29,2012-07-01,64351668
2050,2,31,2014-07-28,64570542
2051,2,28,2013-07-01,29512166
2052,2,28,2015-07-17,55047669
2053,1,24,2016-07-25,51703144
2054,2,24,2016-07-11,11657471
2055,2,36,2008-01-01,83741779
2056,1,26,2014-11-10,70983219
2057,2,39,2003-10-01,29334082
2058,2,26,2014-11-06,70187636
2059,2,36,2009-01-01,86011762
2060,1,30,2009-11-01,51739007
2061,1,42,1993-12-01,60835602
2062,1,52,1984-09-01,52025999
2063,2,26,2016-07-11,55953132
2064,2,38,2004-07-01,22155018
2065,1,32,2014-08-18,16001780
2066,2,37,2004-07-01,82139309
2067,1,38,2008-06-01,80112191
2068,2,33,2012-08-21,82867520
2069,2,32,2010-01-25,88205270
2070,1,26,2015-08-01,42871588
2071,1,31,2015-05-06,79131454
2072,1,26,2016-07-25,27385467
2073,2,34,2013-01-04,50729208
2074,2,27,2015-08-01,32310674
2075,1,26,2015-08-01,68851229
2076,2,29,2015-01-27,77491288
2077,2,25,2015-08-01,28531343
2078,1,46,1994-07-01,22160183
2079,1,27,2012-11-12,57157701
2080,1,53,1985-07-01,31732785
2081,2,27,2014-06-01,61937221
2082,1,31,2009-02-01,48671924
2083,1,27,2015-08-01,43666451
2084,1,30,2015-09-02,14313649
2085,1,27,2015-08-01,60822708
2086,1,30,2010-11-01,45261718
2087,1,28,2015-05-27,86755708
2088,1,29,2015-06-04,47662568
2089,1,28,2014-03-01,86916260
2090,2,30,2015-08-01,64751909
2091,1,36,2001-06-01,11116246
2092,2,35,2002-10-01,15272043
2093,1,25,2018-07-09,37694631
2094,2,33,2011-05-01,27306247
2095,2,28,2013-04-01,25952560
2096,2,25,2015-07-14,70818630
2097,2,25,2012-11-01,59840597
2098,2,25,2015-09-12,59727200
2099,2,23,2016-12-22,29192035
2100,2,28,2015-08-01,67878660
2101,2,26,2013-06-01,38202271
2102,2,22,2018-07-18,85587624
2103,1,23,2017-08-07,49955812
2104,2,26,2014-12-08,37530323
2105,1,31,2005-07-19,85537348
2106,2,26,2017-04-20,54381291
2107,1,35,2005-07-01,94087713
2108,1,35,2003-05-05,75156561
2109,2,30,2015-06-01,63135443
2110,1,28,2011-09-30,39634629
2111,2,31,2010-07-01,86040457
2112,1,32,2007-08-01,60010544
2113,1,47,1992-08-01,75754369
2114,1,27,2014-09-01,39272340
2115,2,18,2018-08-07,13400082
2116,2,24,2018-08-13,44545359
2117,1,33,2011-06-01,28767642
2118,1,23,2018-07-17,50481066
2119,1,37,2017-07-14,20970598
2120,1,34,2005-07-01,55332875
2121,2,28,2014-08-01,90433441
2122,1,28,2013-03-01,48953803
2123,1,25,2017-07-11,31131853
2124,2,31,2012-04-02,39782820
2125,1,44,1997-10-01,12145255
2126,1,34,2003-11-01,43974907
2127,2,23,2016-11-01,88093196
2128,2,24,2017-07-03,48308493
2129,1,24,2017-06-01,53333696
2130,2,29,2014-03-01,98259471
2131,1,33,2004-10-01,18763665
2132,1,21,2018-02-06,32315047
2133,2,25,2018-08-06,37707468
2134,2,26,2014-01-01,36470543
2135,1,29,2012-07-01,82469098
2136,1,33,2008-01-01,41965529
2137,1,30,2018-08-27,47524271
2138,2,49,2010-06-14,86386026
2139,2,23,2017-07-24,20260301
2140,1,35,2009-11-01,95706834
2141,1,26,2009-12-01,59014388
2142,1,27,2013-07-01,12490708
2143,2,35,2005-11-01,96222917
2144,1,26,2015-09-01,33066696
2145,2,26,2018-01-09,20537378
2146,2,36,2004-11-30,43192561
2147,2,36,2009-04-01,15436734
2148,2,30,2014-01-13,33596654
2149,2,25,2016-07-04,94158362
2150,2,22,2017-10-11,62907344
2151,1,25,2016-07-01,40360812
2152,2,26,2013-10-01,14732968
2153,1,24,2018-06-20,87389622
2154,2,24,2015-06-24,14598564
2155,1,30,2011-04-14,20011600
2156,1,26,2015-05-19,15198203
2157,2,28,2011-11-01,39888020
2158,1,41,1999-07-01,15888072
2159,1,27,2015-06-01,76227516
2160,1,34,2010-10-24,43790217
2161,1,27,2013-09-01,58122136
2162,2,28,2014-07-01,80363981
2163,2,29,2011-04-11,41537853
2164,1,24,2016-08-19,97142238
2165,2,55,2015-01-01,94433618
2166,1,25,2017-07-11,67846256
2167,1,24,2018-06-20,97083925
2168,2,25,2015-07-01,24558058
2169,1,25,2017-07-01,52401284
2170,2,28,2018-08-01,13094030
2171,1,28,2016-06-01,69780638
2172,2,26,2012-06-01,24972352
2173,2,35,2008-09-01,93757463
2174,2,30,2010-03-01,99921640
2175,1,27,2016-05-16,72479910
2176,2,32,2010-12-01,47796765
2177,1,27,2010-10-01,20634920
2178,2,25,2018-08-01,62070394
2179,1,34,2006-07-01,57711270
2180,2,53,1985-07-01,72381412
2181,1,28,2014-06-01,66322200
2182,1,27,2014-01-03,29932170
2183,2,33,2006-08-01,12655608
2184,1,25,2015-07-01,68461617
2185,1,28,2015-06-24,25444208
2186,2,26,2015-04-01,98096100
2187,1,29,2012-03-01,21584427